"truesurface","",""
12.3986261282132,12.5463527268582,12.1218914448719
12.3493644042733,12.8357018162459,12.2777949126428
12.1393153869018,12.8685085239194,12.2882107687094
11.8908424620265,12.8696645533475,12.2819523488899
11.5964272344584,12.8859652938646,12.2888904700585
11.5049589011737,12.6449900723402,12.1602677211448
11.5145891997105,12.4255995083763,12.04799823157
11.5984267337668,12.261124725297,11.9672214359668
11.6240726518413,12.2334780834001,11.9547129250226
11.697915684495,12.3050153213111,11.9789730950798
11.7221107992799,11.8940223125391,11.6992614048031
11.4184489301438,11.6431266313268,11.4468849645298
11.0023295199024,11.0921480952866,10.969098960235
10.3811137368601,10.3024484731881,10.3149838400997
9.9789666123387,9.82442752200663,9.82063758572438
9.41069464122075,9.49420192722046,9.42023866921395
8.61086512569229,9.19598093245834,9.06494224032642
8.18104481147567,8.66702110279612,8.61996402711912
7.82466064798674,8.44822949072376,8.39155377126293
7.81959685498266,8.33264685320891,8.27131390421864
8.00951458286822,8.47155845561632,8.44708443987712
8.21828069561291,8.44764416112162,8.50249062218969
8.76223515633831,8.93075360717641,8.90593912065786
9.19264345081921,9.30883805257285,9.26890117624383
9.53821764238062,9.51690894302947,9.50117160685904
9.57720512251165,9.50347798080745,9.57354938249957
9.78227563853753,9.59850721704581,9.68852537248807
10.1550258241262,9.77795078772206,9.88666009400063
10.4972087443666,9.92526798208007,10.0683782708698
11.1160747890216,10.2322242243729,10.3373318431345
11.4492221564942,10.3198910534405,10.4731602283459
11.6986985824517,10.3582837637259,10.5681948573263
11.7241258938444,10.6996489578064,10.8258624142713
11.5627743516137,10.8102639829167,10.9528801792152
11.395163034582,10.8988809062218,11.0534901028552
11.4402385380069,11.1544502622789,11.2470479708697
11.3934552929906,11.4271201039309,11.4207354284704
11.3067365529927,11.1233606508382,11.2345506411133
11.4760696986548,11.0516551000964,11.1791010667294
11.8385853412714,11.2696552191885,11.2927915492246
12.045626262421,12.4306181070791,12.0055729460408
12.0153650452821,12.2985923377078,11.9284432964631
11.8591724861289,12.3242424270498,11.9312041000456
11.6473404934253,12.3471271683829,11.933366106358
11.4224908732709,12.6457223990873,12.0938538007738
11.3840156211793,12.5081779254767,12.0264422203553
11.4033711018597,12.3350733319571,11.9489806045775
11.5341960041132,12.1486614976971,11.8656202419219
11.6070460038297,12.0717067347822,11.8466162128565
11.7060681008209,11.8694727646465,11.748618434265
11.7114596851551,11.6539186605353,11.6093652407542
11.3704566051679,11.641823101215,11.5050316149845
10.9422163352223,11.0350684963325,10.9822374899093
10.3414553702505,10.4887691784104,10.4482185054466
9.97462232074354,9.95549186378489,9.91850030517049
9.41457094750815,9.40597103067323,9.39872416317048
8.64676255555135,8.90583758505828,8.93850591746986
8.26151785067831,8.9150252278614,8.81682872566984
7.97582678698649,8.59694313015097,8.55262793774299
8.02787703353291,8.72518385168454,8.5965810108677
8.34886550758922,8.739485831607,8.7189547229439
8.64516569868646,8.74340263410067,8.80073843147835
9.24776573668695,9.61961196880953,9.53815013332726
9.67925841930426,9.83787655241247,9.83286980011315
10.0279150664898,9.85558635915508,9.95321633902693
10.0744272455986,10.1179563389603,10.165948591889
10.2917728952257,10.1984424548147,10.2592165746158
10.599383627072,10.3101249713338,10.3770552852888
10.8282478662015,10.2573007442764,10.405307029508
11.2594305590496,10.493097640345,10.5891365993172
11.4936994831339,10.4861057765806,10.6306114897709
11.6242198460282,10.6390108051687,10.7520455415038
11.5961222586647,10.4903052648853,10.7034566110989
11.4228853270036,10.6944294527787,10.8412803829464
11.2705409639727,10.9388623152048,10.9992940290373
11.3120878375482,10.8442721792402,10.9605943685895
11.2510857221239,10.9931530325174,11.0353387613238
11.1498327815943,10.8497494135617,10.9384709024245
11.3099705777353,10.9635653118511,10.9985614073547
11.6710593336463,10.9060527816391,10.9856521856768
11.6279699259472,11.9398342061039,11.6756942920458
11.6427965550543,12.2146177215101,11.8189998531188
11.5697741076088,11.9717496961835,11.6674909590886
11.3941253558628,12.2588090639497,11.8107217484885
11.2095965932723,12.045979386408,11.6887398714698
11.1990452059192,12.2792350017612,11.8263164154403
11.1904986701385,11.8674062764334,11.6185365414256
11.351959043617,11.9915411377897,11.7166772915971
11.4885473249645,11.9267267191479,11.7157107165863
11.6348195906651,11.8907995747532,11.7164300761824
11.6321580220641,11.7647319113853,11.6486671672206
11.2961031884218,11.4396170811714,11.3914981123395
10.895821688228,10.93276402327,10.9308268565275
10.3493435037027,10.4559172068664,10.4364422489028
10.0128968971845,10.1162677709572,10.0152659074297
9.43681702579254,9.6265821092251,9.53346534687484
8.66450924045648,9.25614768541301,9.1733135241138
8.32594445744243,8.90494853369536,8.87790975672771
8.15943150940621,8.68488372193042,8.71705444432632
8.33032804074206,9.04501766417905,8.92941111285101
8.92261123873963,9.03233452454454,9.13115713232422
9.40937845851519,9.66782511459516,9.64244107544741
10.1822610447421,10.2187218245002,10.1773853231292
10.6618108280233,10.6231286478159,10.5775139109326
11.0786284756342,10.860292054344,10.8008831091845
11.16396073855,10.7331895934511,10.7716540780927
11.3892584905047,10.6042729897357,10.7222269855609
11.5602123467218,10.5407416248039,10.7047271895839
11.5939673266442,10.6303603168874,10.767924213732
11.7223873852273,10.8245176704893,10.8702258301989
11.8088391848418,10.6266658520457,10.7637484399454
11.7634401947807,10.6789069103652,10.7873757263451
11.6362937262637,10.5471617112498,10.7079278792186
11.3723245716779,10.2839282507268,10.5566075909568
11.1698733464171,10.3773179120383,10.5992818338087
11.1095440783648,10.5599499275063,10.6804641092519
10.9016864612968,10.6673212779296,10.7007657237524
10.718936686318,10.4478799243596,10.5562691924754
10.7958508807734,10.4491547517003,10.579339044265
11.1253214125159,10.4580257250643,10.634681082162
11.5354165775884,11.8016876101627,11.5301232317348
11.566702587559,11.6616863459453,11.4377012374852
11.4800600598966,11.8461798084146,11.5134734725668
11.2621387153098,11.8689336596169,11.5027238347166
10.9921623954352,11.8067421729667,11.4629621048318
10.9333857816125,11.6150418580312,11.3689573871984
10.8598296863772,11.5809441670866,11.373437310553
11.0024662412724,11.5650234757799,11.3940528086001
11.1734552807642,11.5031625111566,11.385506689646
11.3581753392683,11.5503267670818,11.4277664770646
11.3667250093488,11.3336800517096,11.2909268797563
11.0840436078606,11.0992041177064,11.1210943926993
10.7478587023032,10.9426580429468,10.8774038811788
10.3015300269742,10.3965687152099,10.3570531350144
10.0253058039892,9.86043118133301,9.85760925438312
9.49352062958571,9.52270437968018,9.48740649839079
8.80855553925312,9.40107981775949,9.29130701923107
8.56137354191488,8.98669784814247,9.00850424124655
8.54530801073124,9.00547528335033,9.03668566449738
8.81140310373954,9.46853451574027,9.371322482349
9.54515374596177,9.73378111617703,9.79080319468279
10.0960694585607,10.0213084632764,10.1462819320036
10.855699702692,10.566191727604,10.6700015195301
11.2800634120112,10.9650896028502,11.0500820529565
11.6433937743045,11.4393053482751,11.3784573132624
11.7175536573504,11.3716557426441,11.3650633150622
11.9227949839114,11.2243319300782,11.2818218174924
12.0155094770246,11.0459054814693,11.1647043317969
11.959844779789,10.9434176127166,11.0736515111235
11.9689756571417,10.7031095096467,10.8906077850161
12.0098496751948,10.5029543766827,10.7281575672756
11.8965103970317,10.6258281025371,10.7452913773598
11.7033044433722,10.3478601383922,10.5559151438089
11.3328857915329,10.2693418773989,10.4831641080211
11.0506064754916,10.2384911481202,10.4337126331204
10.8686103350892,10.1505973774695,10.348839498892
10.5078057850015,9.99979477215048,10.2256196147236
10.2540965296493,10.2521106781487,10.339951440435
10.2588348774569,10.1235918903881,10.3034044852727
10.558421484919,10.3351850193497,10.4888387160131
11.1474646877229,11.4122748666777,11.2214268673155
11.2255636181766,11.2457895179809,11.1036685843301
11.1735254373997,11.5468628676497,11.2328793476098
10.9537093400373,11.3701205716991,11.1167421796022
10.6633143586006,11.140955155217,10.987011614488
10.5996641561967,11.2616981738028,11.0683901352918
10.4880005898079,11.2690929835944,11.098070292098
10.6203945147818,11.3052198438491,11.1445277811164
10.8009079824728,11.1663734670481,11.0872395645488
10.9199137308874,11.267309250076,11.1416018474933
10.8482215618926,11.0720599913436,11.0007717424142
10.5339081775458,11.0133827226871,10.9041627358877
10.2616138466749,10.5324031900545,10.5162184116312
9.98128259304004,10.2665064845226,10.1947479043219
9.85321109095241,9.99871782605116,9.87073937212067
9.50172883941796,9.47620116380598,9.44797393310387
9.15387717863638,9.37112634826572,9.31461347984338
9.16965826897828,9.23341601448573,9.24733591741816
9.49508793303709,9.5336391713747,9.48832548070771
9.90254072017977,9.82657220387389,9.78821697302231
10.7192561283941,10.0639739411407,10.2287814825637
11.222763922355,10.7646719538229,10.8100555514753
11.7227762895129,10.973124396698,11.1170048776453
11.9179984497887,11.6008594983724,11.5996553822918
12.0368435116631,11.5739630000441,11.6501843958656
12.0224205187323,11.8750873153413,11.8305735443487
12.1334693325208,11.446462994452,11.5693130368671
12.0645836296394,11.4830736025285,11.5385286291669
11.8784846234085,11.2897190428574,11.3617076114762
11.735277057861,11.0657912363399,11.1332089096214
11.7329232681345,10.7754562188683,10.8716905474969
11.57487992631,10.4100289318945,10.5863753048032
11.3380494307641,10.1120805138334,10.3635825531277
10.9315941544242,10.0118846429949,10.2657393234483
10.6484986359745,10.1229369453497,10.2928712756117
10.4200883516864,10.0478653063424,10.2182832474486
10.0553175751493,9.9816324397539,10.1580973568626
9.82706897207892,9.83846951436899,10.0761681672184
9.82352310952782,9.7157754409622,10.0435740690628
10.0705925145857,10.0797109956873,10.308494583087
10.633571047892,10.7092365719477,10.6750185462546
10.7502540686045,10.9852889352953,10.8060640974178
10.7940076928726,11.0092198933636,10.7893911508465
10.6599011600156,11.0163181355158,10.7826361329151
10.50349886917,11.05781814011,10.8158851322148
10.5222699520769,10.8642610569257,10.7362020515924
10.4535547707361,10.7465347677729,10.7032935303893
10.6094495926682,10.7290730533998,10.717239254639
10.7712391512446,10.8466801735813,10.7922212370338
10.7709719741209,11.0610291497091,10.8949523142307
10.588950967767,10.7854975308401,10.6901261129879
10.1841588249315,10.7103911184186,10.5647584741131
9.92338481390318,10.3655377617997,10.258669191395
9.71916740837343,9.81569209075396,9.82644661942527
9.67271985897889,9.55430569779177,9.54746455386369
9.44017154354257,9.47695966419053,9.42204995416752
9.30699077938838,9.47705880222769,9.40331510308297
9.47583534439701,9.4740972928889,9.50250835197915
9.97274661360109,9.81265383109151,9.84683985940936
10.4245539097007,10.2213753884731,10.2543479886529
11.2216771438604,10.7413974214366,10.8273694119498
11.6645246088031,10.9994006057423,11.1513656396447
12.001235151049,11.5686781430501,11.6230364000731
12.0801734311024,11.8937187274525,11.9097949937646
12.1083878808937,12.0127232047908,12.0290892168289
12.0746727875344,11.8775170693308,11.9595150371582
12.1341225508833,11.7813989668408,11.8657189349442
11.9442966196436,11.6044757539555,11.6819860650838
11.6492284580104,11.3338216215569,11.427975331618
11.3530918434671,11.018441737563,11.0850627389464
11.2862482198306,10.5429735897767,10.6870317196343
11.0751152410577,10.0898711587275,10.332863682916
10.8251670933874,10.0241922706122,10.2344335003
10.4712197266635,9.80039614168296,10.0698742482294
10.2718686279246,9.63175608162877,9.95502461202422
10.1103256218253,9.65089807467998,9.94875618424547
9.89231650537371,9.79871035697442,10.0278600460296
9.7614839147239,9.51638676469581,9.88687569653984
9.8115900785083,9.52619488126255,9.93190574502522
10.024502442433,9.86038907541494,10.1744179398258
10.1770257294574,10.2973906557741,10.1964985394589
10.3228095764631,10.1901976797859,10.1581511186557
10.4621776917961,10.2413131770097,10.183318247918
10.4200139865829,10.3124034504569,10.2416917086048
10.3935556478517,10.6685422495971,10.4662211914556
10.4759514782884,10.5846416890354,10.4656298469393
10.427658429674,10.5573217628991,10.5035538087454
10.5578833326369,10.5369103103398,10.5246683848583
10.6720519791813,10.5306620504488,10.505400795297
10.5427377666754,10.4214946560477,10.4170728038814
10.2694753118913,10.2426219478697,10.2312896629804
9.82602714082972,10.3398334612362,10.1853727408521
9.61116257778654,9.94796663951234,9.85731053043585
9.50535625864261,9.72167960091246,9.63236826536547
9.52891353826916,9.57770016994075,9.48761030361021
9.39222350085549,9.38775114004533,9.35079691558285
9.40188268005458,9.36338774186633,9.40515204696145
9.65666116947143,9.86774041640487,9.80822828172712
10.2237433633849,10.1413960785392,10.1603870406675
10.6666161148477,10.731054286875,10.6806714133955
11.4056856111155,11.0979426069442,11.1847700267532
11.8014486521926,11.2931140464309,11.4547704285092
12.0542432138816,11.9246471618044,11.9302363322477
12.091968368821,12.01566578858,12.0699028369435
12.1383327839461,11.9619476054766,12.0872637611189
12.139977611414,12.108308020166,12.1542383151236
12.177378223403,11.9965331373387,12.0306651299011
11.8896995430982,11.7643491365729,11.7797130193452
11.4951739691307,11.2613163937393,11.3374678215998
11.0476626182963,10.8989487323535,10.9251719699483
10.91042884837,10.3576555049448,10.463756775268
10.6390963382572,10.112775126269,10.2376207744423
10.3727811568199,9.64480590681505,9.93125950190669
10.0598816266231,9.60101066756029,9.88341086631955
9.93031552334044,9.63400863461318,9.89497831900408
9.81471886164093,9.39198819848332,9.76751516726514
9.70027996113886,9.47906489263874,9.83595191587943
9.63473524609933,9.35809010111342,9.79930803319326
9.69480713840892,9.55420006833892,9.95596805465556
9.86022207698648,9.59686899908929,10.0383351350215
9.8075716902171,9.67010302836008,9.64610244022498
9.98798019790219,9.96146266824736,9.8282511360813
10.2114656767472,9.78025945792713,9.75669717225433
10.2388620190111,10.1462738976994,9.99519143576164
10.2513369672356,10.0269340383823,9.97870824857268
10.2994706455341,10.3759299175527,10.2324559727725
10.1676702582362,10.1512371312557,10.1853826736437
10.1187541365331,10.4512340388328,10.4070660350455
10.1147603715174,10.4402747645674,10.3873753127807
9.82514876786208,10.3610651836482,10.2595964921758
9.49154792618114,10.1363247150826,10.0089186458074
9.12625571618205,9.80165870382015,9.69976197735264
9.05428644625497,9.49230185061332,9.42468615690162
9.15232079318825,9.40057064432391,9.31130358536577
9.28513852440251,9.55012085453551,9.37629853874727
9.29554777435378,9.59834316714005,9.44760581686363
9.50289780618233,9.73520875518228,9.62081031724224
9.86609552412228,9.92134948975274,9.89163088656515
10.5234621037061,10.1987752629127,10.257473882302
10.9599573461273,10.9475919475354,10.8814720594354
11.6404897817357,11.0883803122549,11.2754213273889
11.9971666650865,11.6768392606589,11.7467989174927
12.1806552231223,11.9823957309866,12.0267592402698
12.1783397137432,12.2114986181624,12.2258646887283
12.2341376591292,12.3985420212847,12.3603504294381
12.2521560377379,12.1755788679206,12.2023477183854
12.2105619451627,11.853937749929,11.9369762304997
11.7555231676357,11.4762527946976,11.5839363352521
11.2430515669469,11.1180870916185,11.1768656034484
10.6439096983866,10.713421157714,10.6720562593878
10.4479895859926,10.1042461787601,10.1850938293023
10.1381596963152,9.89303114955373,10.0008011665544
9.85597403719015,9.57349101776332,9.79866707707691
9.55106315154283,9.16700095519747,9.57591817779255
9.44842049771294,9.13655852115513,9.57403824158965
9.30361547444993,9.248013684159,9.663175961343
9.18145261493395,9.34483502115875,9.75253391334007
9.12057729101926,9.16785048878588,9.70197478307494
9.11242172278916,9.23056854997225,9.79327672481315
9.20464547377017,9.31898421665815,9.90402699784311
9.56963535625782,9.59707480694861,9.47473293880648
9.74077822199835,9.43414438005269,9.39048643243355
9.97348151953924,9.6781306984627,9.55464949081475
10.0264163565021,9.80290540899633,9.6671063567748
10.0469843474078,9.86278687379042,9.75761339751025
10.0694658014057,9.80184482905642,9.78737864339597
9.900111007099,9.92163628673848,9.92240654605314
9.77132683167764,10.0885456902632,10.0809338124789
9.72126405703708,9.99995197204818,9.99195737247688
9.38105537097159,9.89040773180657,9.81213842701543
9.03431707452613,9.52617519671377,9.46855569310722
8.71663183205053,9.1431426038929,9.12274711240652
8.7061872340404,9.1673540326339,9.05158221989222
8.86783050780152,9.07681752906371,8.97693604543107
9.03113433775346,9.08044328213794,9.00675699109109
9.1227457779137,9.34944334829873,9.24126425178333
9.46999989094314,9.81187509346512,9.64117189212476
9.92616173370929,9.91603103419753,9.89820815552434
10.6953683535203,10.3396335115257,10.3589537307745
11.1678172449969,11.0544484551233,10.9761676837116
11.8553504832276,11.3219554035843,11.4433801615329
12.2027083231094,11.4599819221461,11.6630902110514
12.3441477828401,11.7108134236017,11.8896319338344
12.2977071071662,11.9224743785076,12.0583049018144
12.3011482344388,12.3393742686996,12.2951221039103
12.2835082668721,12.1731293492915,12.1566594875041
12.148173306733,11.8483016973463,11.877167955491
11.5583968865202,11.3953145141738,11.4719766488193
10.9760293961835,10.9572489213517,11.0277302277708
10.2888956472287,10.1739723827559,10.2845281875681
10.0489071172518,9.69273882079795,9.86538917742728
9.69352845526915,9.69690450647703,9.81145996355372
9.38429192500086,9.33002977657721,9.59460403702834
9.05598214495191,9.19126986070189,9.53330878762928
8.95777527847728,9.13254983701505,9.53280295068076
8.79667683907781,9.02850572747392,9.52122481470923
8.70264648011274,8.90723537187422,9.50801250135484
8.68912116198284,9.21695477617945,9.74053835868887
8.72637657055547,9.14803301789367,9.76894813285316
8.83600129581347,9.42037845976688,9.98609882574696
9.21067321898582,9.4338219187055,9.30719313020698
9.24295540005702,9.21809922512723,9.17800094588368
9.36832933125034,9.57245532907128,9.39754436514561
9.44261963467872,9.48585752800284,9.38876552534893
9.53252433640401,9.36942491202325,9.3729683804467
9.59256143119382,9.58001716125811,9.53303485388416
9.47594479178582,9.63858593683434,9.59422909860787
9.38710365754866,9.68453563342706,9.62160867348328
9.35569992875794,9.46711460772736,9.45393761776964
9.03598613796138,9.38165176203348,9.2874794751166
8.69421304634431,8.99461085966588,8.9263763483194
8.40018474587011,8.81667054334137,8.7033834741429
8.40619864756889,8.51234491243616,8.48421319193869
8.53216836434468,8.71010856056876,8.60977067746554
8.6618982941202,9.03358074955275,8.85409288935099
8.81331093394419,9.13702801427944,9.03720183476375
9.2730770157956,9.60927078453598,9.47203467889772
9.78665362404097,9.91594050369044,9.86256300478251
10.5930124781003,10.5382911442981,10.4526362421711
11.04142472125,10.9525404686511,10.9120000776361
11.649513552111,11.1209421719619,11.3293483366004
11.9573090467251,11.6303236834832,11.7345709694126
12.0748079024438,11.5760920249417,11.7740676373663
12.031266459544,12.0128167359007,12.0453683591304
12.0919313371178,11.8874689109198,11.9715413181848
12.1264060242485,12.1194104872135,12.0639987991098
11.9628175801641,11.5360614705176,11.6448128368513
11.3324888090165,11.2204944192133,11.2586827759139
10.7245535401676,10.7874907997974,10.8337621397772
9.93083566770224,10.3105548140934,10.3436262067615
9.57865164994669,9.87550514375422,9.94315542254862
9.05186974958415,9.47976262205363,9.65506317292876
8.64371244748994,9.17752085741429,9.47153935646828
8.22892358493898,9.08084777696098,9.43454468550589
8.13783775755423,9.20292597519095,9.5451761082623
7.99530733273387,9.16172772912605,9.58221614794704
8.05307743718789,9.13806290110479,9.63959286563222
8.20504316596148,9.05687158089858,9.66909873356055
8.46139099235952,8.99635064647756,9.71284588250442
8.684831076516,9.41983484647878,10.0186358357074
9.1980474001805,9.19123636628688,9.16651352651293
9.10180006925257,9.36134018436844,9.23035999717362
9.11402960869707,9.3835907576926,9.24946176326141
9.18248983137758,9.47095261993574,9.3358615596288
9.28349168738805,9.57181479549594,9.41733359237891
9.3346058086194,9.36671735377304,9.30231858203184
9.22143849044649,9.16599270670641,9.16963715386752
9.10376183765474,9.01949991388596,9.04964691007447
9.05183674645303,8.94603598262117,8.92218328926586
8.72724073585001,8.92546357719127,8.78178949823827
8.39651568481407,8.47844390244102,8.40628676914645
8.14210346678007,8.30688675356634,8.19591053293017
8.18143533878829,8.19114038902612,8.11682576122806
8.32921163667252,8.07370817462955,8.09701725599034
8.46429971810007,8.39311311367609,8.36451028975237
8.66872824933792,8.9177909113032,8.80386389124486
9.16368675044764,9.45693420128399,9.2962718768397
9.64314764334363,9.73533325343268,9.69194000620454
10.3303054433978,10.2329191866081,10.2220041698449
10.6689002194244,10.7152415027464,10.7454984407334
11.1160797841952,11.212244960042,11.328582377871
11.3629639610549,11.2783786060737,11.4725599963194
11.4861097773737,11.631792884192,11.7243343332839
11.4986488322387,11.7900061428088,11.8281024049029
11.7069069660988,11.795079754454,11.8126590757868
11.859894498622,11.6082672579676,11.6814541319179
11.7681425311791,11.4934543336649,11.5781235668257
11.2425750048041,11.0383165361446,11.1243870958688
10.6923203399249,10.5140480278901,10.6219904172559
9.90148994528712,10.1750937405719,10.2422828673713
9.50180543135729,9.70020634180625,9.83997133500499
8.89920093855233,9.2914635287968,9.53242829728376
8.45645790893523,9.27480348292518,9.50038649601959
8.01916025602772,9.08546727774624,9.41197765195126
7.93762754826866,8.9545790949276,9.39231036611042
7.80193785822012,9.03267899752288,9.50728908835604
7.91055532092209,9.23474393099943,9.70038432661238
8.11909551578422,9.01514348917585,9.66886354625152
8.43451786525186,9.08457697079774,9.79128030213675
8.68152153252505,9.47449014877226,10.0868552400434
9.4493229234147,9.48324674214481,9.38968289446843
9.25608292085086,9.17541084044691,9.1736228963319
9.1996269042117,9.19525866978555,9.19258030673255
9.27335362286922,9.28021665880928,9.26717468947365
9.31025006962012,9.58695627618227,9.42682271025342
9.23300906145798,9.31831172072026,9.20766508547426
8.99336162474133,9.0310340654958,8.97784045929027
8.62752654047799,8.68866814446674,8.68423170372561
8.43202331101036,8.45376037438173,8.43432976383625
8.01288277606693,8.10798992253837,8.11516089326859
7.69323462309256,7.83353731825393,7.84992239438143
7.53137865887258,7.92707831727794,7.81865444193621
7.66165591817409,7.74862246076503,7.71405945813836
7.93206513733969,7.87535817713008,7.8376923901754
8.13795089452761,8.19801959493674,8.12142575224756
8.46776772159846,8.5292159603451,8.46246036218886
9.03555992218629,8.86567190255307,8.84928633748554
9.44808208430967,9.63209410640792,9.51498353907813
9.93680861457594,9.9908564440168,9.97063081652048
10.1219770193183,10.613712040323,10.5538611344941
10.3713786824292,10.9700521431244,11.0734456577571
10.5598775234849,11.0248546870807,11.2151902066863
10.7290553880985,11.5087611928335,11.5465460339782
10.8238511193397,11.4565278223711,11.5351470993193
11.1864436821469,11.2882813053096,11.4217666678523
11.4473408725113,11.4075532745576,11.4610087347498
11.4048906748736,11.2888459424216,11.3348911363301
10.9872313198868,10.9688543018373,11.00598626476
10.5303576234759,10.3951386952096,10.5002775347547
9.81842142669591,10.1426207443226,10.1926110676229
9.44065115381365,9.71823531576292,9.82744784456748
8.92922544188067,9.54391130477276,9.65110130109067
8.59024882695075,9.14353993052188,9.40571456127352
8.29630824897095,9.1610015184188,9.43514466219231
8.27523648498888,9.25355185848442,9.54451581067547
8.14634992048089,9.06515791654577,9.52610831708553
8.21254629969178,9.21033248934349,9.70157417868229
8.3799635061784,9.15037924007279,9.76875151542753
8.58975756728993,9.40424162776675,10.0029498814789
8.76007841208438,9.50628844991752,10.1451788217323
9.65204383115041,9.6055348907933,9.5848503377494
9.43954482587001,9.68158634778286,9.56868043628284
9.37638152033172,9.40004103930833,9.4097699275289
9.45480346832097,9.71326228131381,9.59532591860597
9.42535109954375,9.36965499540073,9.34129950190311
9.24267334129035,9.35767875802375,9.21308030048687
8.91235060718928,8.66291866806686,8.68960932517919
8.39573485759769,8.48193444782269,8.43348125853161
8.12720272816174,8.16847946435158,8.11347878270914
7.69033295181888,7.97309932279373,7.87138976380153
7.40025439449026,7.74085081860157,7.62963279622387
7.29114581633663,7.49268617325137,7.42871723972623
7.45017486716719,7.35451160213827,7.34621126137315
7.74453604489444,7.52463417677806,7.49488193041926
7.96110266204292,8.01343810192455,7.87256670586192
8.33911501567875,8.40003365767529,8.24724414507967
8.92182504028456,8.83820756381491,8.69672055335992
9.28866846471315,9.20289260158574,9.13798731967658
9.69335932961906,9.54944434943554,9.58049217843521
9.83922118990851,10.2964900075466,10.2213000116825
10.058138160763,10.4202006445649,10.6146715723982
10.2554171730174,10.9385772853826,11.0331720944298
10.4776189848124,11.1486827056898,11.2263574036586
10.6034922783735,11.2709099654105,11.318322580571
10.9780248527575,11.3734526420581,11.3654654976287
11.2345898212167,11.1565975749921,11.207164183194
11.1635671043556,10.885355827281,10.9863237855747
10.7577748194409,10.5317988387783,10.6614551843085
10.3497081489315,10.2877499927408,10.3768572366553
9.70711501376971,10.1775760507703,10.1668109043604
9.37448663153383,9.72945430065458,9.80614134178325
8.99110354885685,9.60027843702717,9.65794855975419
8.76799094821825,9.35979835306996,9.50349189156168
8.60789090425845,9.02138739229859,9.34379411362257
8.62550707223022,9.0596920208435,9.43622238877486
8.49635048713422,9.22491701556871,9.62200852801895
8.51648423279482,9.39392693366987,9.82597125823178
8.65196687486985,9.27078755992147,9.86767976128567
8.81270180404781,9.39075085341546,10.0357467871973
8.9554166918893,9.53556191000816,10.2080823490983
10.2004643347699,10.1902413969929,10.0521563116399
9.91474870710011,9.85371254480765,9.80854425687826
9.73340956638254,9.95915290453385,9.84458223154973
9.73946089063343,9.93313667837997,9.81201401889429
9.53694596302035,9.61144184990345,9.51425275701529
9.19825602664316,9.03521397081904,9.02195081814199
8.78139985738615,8.5817547142046,8.58296104418997
8.16732292631918,8.18576141793002,8.17815950498869
7.87893644850519,7.81436088301231,7.79924993976737
7.51632257491747,7.65546730841342,7.56319072966483
7.29599628221442,7.34455683820512,7.28102167099184
7.22321741651431,7.06534431898336,7.05606179890824
7.36288319970918,7.21609172242907,7.13390252256451
7.6099565511913,7.2744947182758,7.22008979243904
7.80698435835352,7.46996222579162,7.43612789551172
8.2261628429243,7.94914533855411,7.86123625768254
8.81077852299489,8.59028937642462,8.41889848563462
9.11082029360082,8.80247944388385,8.77111670629483
9.41219501258623,9.26024489209234,9.26591006422394
9.51810074978516,9.96331129632459,9.88042690336601
9.68619536704096,10.2287550218912,10.3501518915657
9.8588905478155,10.33251070637,10.5547587342103
10.078992334569,10.553963948988,10.7676505612079
10.2016293196601,10.7183154503802,10.9002248095913
10.5490946048443,11.1147422932842,11.1173358274558
10.8072319453248,10.9923133910472,11.0089270716331
10.7516056286201,10.761079753602,10.805028432419
10.4868297316201,10.409380126972,10.4951016140123
10.2330561341488,10.1204809006319,10.2052958251742
9.7824785060556,9.75431806519074,9.88081704454783
9.54116585769749,9.49866231297721,9.6426955430339
9.33225858893659,9.62417248750225,9.64590149295936
9.24019895980723,9.37939515086305,9.49729035548902
9.17463887449413,9.33288171910749,9.50564174013498
9.16987862383353,9.35274382701357,9.60519507336644
8.99172355546458,9.31544891421574,9.69450653270831
8.9175379091483,9.26147321281531,9.78508868563245
9.02378511888776,9.63061045178794,10.1050969518542
9.18208423434786,9.61665667346326,10.205591938538
9.32904461999792,9.93656189938885,10.4780279918478
10.7061985064643,10.6123764614257,10.4470633341885
10.3579526167437,10.2394779481933,10.1709572096121
10.0665754234771,10.3625799575289,10.1713368336058
10.0001162001204,9.97772434742667,9.87465965504546
9.66000801719063,9.43363085601684,9.43538584128348
9.21332858331271,9.12077661515583,9.07007046092668
8.73688472014432,8.64585441403911,8.59863167522101
8.04135946289826,8.23527269997384,8.16290944928346
7.70786357800216,7.73085743260446,7.69154132606731
7.3214410603467,7.56256003121456,7.42961185680768
7.09316059527155,7.21231244924795,7.10538267787959
6.97493253187277,7.10881685491509,6.96880162676414
7.08167553910651,6.8042367038206,6.7796229432217
7.33357619831127,7.02808593034533,6.95861355375322
7.57758875209919,7.41416717506734,7.27675962966045
8.08776154420904,7.60416468970693,7.54007644218222
8.76918690969961,8.17299364964551,8.05890881809344
9.07646602397552,8.53066049920658,8.48540104293157
9.35586637678103,9.15998690277274,9.07266117350334
9.44243271128201,9.56547167681132,9.52246274366512
9.54489994229211,9.73860305095971,9.94181387743804
9.65640776684752,10.2697975318373,10.3907154869362
9.80603972643129,10.2355107816657,10.4748318815007
9.89692719507153,10.6895819685329,10.7816618535424
10.2132580408569,10.5827596707924,10.7325130530423
10.4851865751295,10.8432888758891,10.8364339902751
10.4758670302673,10.3767372953287,10.4995250108228
10.3563965923976,10.3202115856184,10.3581818459315
10.2267478794737,10.0574938153505,10.1039566461384
9.91856778059086,9.88480938711731,9.90470492978872
9.73929494871229,9.7221838982761,9.73378637038523
9.64395908552437,9.54810637857769,9.59454757932704
9.63829416573897,9.4394129023928,9.52846182091409
9.63263946781686,9.47896605650189,9.59825311913601
9.61059251441941,9.68952667625819,9.82003647267067
9.4096311324569,9.72665511336245,9.95830892959353
9.2794404617264,9.78529009895799,10.1163057067496
9.35673612864707,9.76629284433744,10.2280842890028
9.47344757291389,9.76148327409607,10.337378233396
9.57261360356561,10.2263451072707,10.6913443940527
11.0368795408116,10.7965806402345,10.7169596891697
10.6513226608217,10.7977353675739,10.6189974320663
10.3100304478215,10.5389118633539,10.3703169325107
10.2132304165792,10.2247720304065,10.0703312609085
9.79593354400943,9.88953625691774,9.72107122906456
9.27158673726024,9.25573071651715,9.17396922903957
8.74687230171172,8.63410098246821,8.61003437961218
7.94660724038417,8.10754321077028,8.09841467850055
7.52426226470542,7.79125466299734,7.71166429405723
7.02627662523322,7.64651470459091,7.4369347561128
6.73403758552179,7.14985041236481,7.01232448610234
6.51044271087318,6.99901224808309,6.83088076240102
6.56965317328101,6.728073018983,6.63264689343751
6.85041227528061,6.51922968193267,6.56230294458084
7.17735663848268,6.81642382598775,6.83407982683364
7.81081891077733,7.34727611618181,7.28298015793951
8.64101886159258,7.93750261507142,7.82083842821637
8.9926716258404,8.22970006880954,8.21353100594747
9.30887382201558,8.70508485754199,8.70692586379937
9.41708951172219,9.15323212183027,9.18018780487749
9.5105962839885,9.69546336689521,9.80035847316468
9.59096934361105,9.84165208651443,10.0464577286773
9.70594008101685,10.2465746121834,10.3784212985164
9.78170016609303,10.4600730721619,10.5639922312567
10.0648546827669,10.507176210141,10.6086082459974
10.3253032115453,10.3330308555431,10.4777535419929
10.3260252761146,10.2396835416741,10.360683429604
10.260079255033,10.0622288355261,10.1616957066229
10.1799673454034,9.83764174817815,9.93814161956628
9.91964307910812,9.76581651200339,9.80544230436574
9.76584654144031,9.560059255221,9.62843347789646
9.77719799579346,9.47075244661113,9.58203950819142
9.88342974552554,9.73233268619005,9.76755094061496
10.00564505729,9.69508766411822,9.79294606418396
10.0208760838241,9.67833466351789,9.87451204659506
9.85861841428779,9.85770869719041,10.085841342976
9.74293099748928,10.1484109996961,10.3707801834358
9.8130518619009,10.0042007688295,10.4137725598097
9.88408985922935,10.141653923669,10.6018092163716
9.9095721827536,10.5743234719105,10.9398185137689
11.0569930783731,11.3220171161412,11.1765603667022
10.6522111696029,10.8347693895006,10.7865934645009
10.3164678508141,10.5023137767891,10.4686572743198
10.2292694849361,10.1367018083094,10.1084893378397
9.79967413436567,10.0560639865932,9.87934072583831
9.24311579023537,9.52564991347915,9.38553696925464
8.72612043903901,8.94664362595576,8.84043156002919
7.88361015405467,8.3713955172507,8.29330603296028
7.38991543132838,7.92576669185159,7.81941673269146
6.79389085713484,7.41199799297392,7.3297197830556
6.43929544193905,6.94484376582138,6.88149753378233
6.07546909356611,6.85805038155693,6.6875487499995
6.04488213222409,6.50757290706305,6.44087186588426
6.29550763996732,6.46809679966125,6.43361848637664
6.66405666365464,6.69469454400969,6.65808755408124
7.36201070045985,7.04852307750621,7.03784776436139
8.24910151660547,7.41794430929744,7.46353374999982
8.60051634434047,8.18358295902054,8.11736783745582
8.96212492993325,8.52735127145819,8.53929850653255
9.15702272505611,9.13590458998641,9.08824513625398
9.38221598520082,9.53187643387217,9.62353701865214
9.52919053444406,9.67919139765124,9.86991169805349
9.75339170773793,10.2379332146167,10.2956814619672
9.88992906120674,10.2441982073902,10.3751762062192
10.1707315024656,10.1149979713751,10.3292590513919
10.3831236623641,10.2506130105551,10.3799774665862
10.3396552734604,10.1835377778791,10.283791835419
10.1978390057725,10.0731593532923,10.135234011083
10.0718511541166,9.78814021934026,9.88743078748442
9.74626892621382,9.81171236099136,9.8243998949329
9.58205896696806,9.65133946450871,9.6862406954929
9.72839862866922,9.81414958271082,9.80362121860488
10.007506500622,9.7917597381016,9.88880476548484
10.3512691841416,9.92092952509807,9.99128059647532
10.456089646305,10.1561275304931,10.1985336964641
10.4099872227247,10.1104495084272,10.2862463143024
10.4211643237957,10.367190857028,10.5502328414442
10.5567797338196,10.4044539329278,10.6927751651276
10.6921259789054,10.7239214933375,10.9790893781728
10.7017099245861,10.8608508304074,11.1539595019898
11.1341797576409,11.4684811321955,11.4251083960993
10.7294301715115,11.3617862052937,11.2293166735684
10.3736381405001,10.7107972847471,10.7131576069441
10.2583278814456,10.5839581965295,10.4699752438706
9.7906514771596,9.98379257871796,9.94699992493734
9.22428989561405,9.84275491015317,9.65954118115892
8.74231530797712,9.03806446654183,8.99053014916413
7.95654368851818,8.74254683872612,8.59444079106364
7.48471585365478,8.23862698233995,8.07470578482805
6.92377622806086,7.80725818806431,7.60681617281746
6.58215426403774,7.28906980584359,7.09465715841761
6.16492422418644,6.73643246013966,6.61420506072915
6.06277910737982,6.30411220675219,6.26723474718775
6.22077130592437,6.32095470956271,6.29689065511693
6.53891627381023,6.76745976223455,6.66609259637493
7.17868735300148,7.19208482743114,7.10067258849873
7.97301639591558,7.63658198849876,7.56755912324067
8.27062406167103,7.97795896629684,7.98199651766637
8.62906155315943,8.30144769434555,8.3808094735507
8.88192012144961,9.07329898152457,9.01410165862461
9.21051230280291,9.25477603569897,9.42151317194154
9.4118340373137,9.84088925338339,9.89872164425866
9.71945655151966,10.1319164168676,10.1823300959106
9.90423155262185,10.3107732781686,10.3607189297206
10.1951573916605,10.4316434054756,10.4630835132346
10.3849847574031,10.2255962797523,10.333398744415
10.3372255503237,10.0183690715629,10.1658621514143
10.1910402416425,9.85243910940672,9.99463519948598
10.0721576822059,9.84261435311022,9.9090597950381
9.77438233346445,10.0035179070107,9.93526397480392
9.64584754619986,9.80615023721694,9.7996769234699
9.9000355400726,9.99824356797474,9.94584373464893
10.2688818918189,10.0019437629288,10.0033352342438
10.6853216577167,9.87706150167145,10.0077368894978
10.7941271350899,10.1095687029413,10.2310546274706
10.7854164348244,10.4514343430594,10.5327481471641
10.8555956985429,10.7663579769972,10.8290520274579
11.042881225503,10.7564182227418,10.9460834405522
11.2760393057124,10.9514626907343,11.1651329994849
11.3318415161176,11.1208817954084,11.3546343394965
11.6979225046473,11.9032052965135,11.8121803443711
11.3220184263958,11.3953153394772,11.393287899157
10.9127412594049,11.1891841259864,11.1168949074091
10.7180609029708,10.8337859777174,10.7409600225301
10.1697943783869,10.3933220308627,10.3033250149223
9.60367652278384,9.83338572230715,9.78531915869219
9.18534428212156,9.40640401889806,9.32761839852376
8.49547386714893,8.98146186702881,8.86431966955425
8.04227749024813,8.46548570323669,8.33765801820061
7.46938979171104,8.0555775327991,7.86606106820843
7.08632274637574,7.37504588672999,7.23611321991778
6.48989533496327,6.68535737129522,6.63060843475678
6.21691518261455,6.43599097773427,6.34833371952502
6.16820735866451,6.37118475507676,6.33937378100905
6.39487773955191,6.59817210359643,6.60720516654721
6.94508047020996,7.13995607802091,7.11340173180221
7.66872771662384,7.76504736338012,7.67099862552838
7.9677167023645,7.94626954742219,7.99186269190063
8.43020971639965,8.38858751114777,8.4468240306338
8.80279892077379,9.13669980088669,9.05440733546835
9.26523142212377,9.47273603643483,9.52962029002773
9.49434934567093,9.6548883785674,9.77175867723303
9.82258013592084,9.95350682441492,10.0527774346331
10.0212708136515,10.1259366598376,10.2201539261638
10.2809974431008,10.5257481900364,10.4830760745145
10.4367581249238,10.3918415818229,10.4038817083008
10.4195912244963,10.2113516516913,10.2507274586003
10.3471658454436,10.0214774366256,10.0730855624675
10.2968408369996,9.94108733086724,9.95839452137354
10.1247969009938,9.8089685984649,9.83643052642516
10.081118544438,9.78027538998205,9.80792630204026
10.4640713849982,10.1433379385432,10.03894297977
10.900159387152,10.1201729141364,10.0905255290053
11.3148700999148,10.2836698249718,10.2662492135631
11.3766633148361,10.5262404781033,10.5057615386115
11.3989619688424,10.6941474592977,10.719156198897
11.5499965428701,10.8148903131393,10.9118198630261
11.8076502274669,11.3139820601864,11.3097743780957
12.1571173569166,11.3776129499962,11.4560247843841
12.2405990373817,11.7217483466429,11.7411971544731
12.0730503085415,12.041961250646,12.0167252582402
11.7136135737612,11.5465464042081,11.609991981051
11.2858050793526,11.5075475751232,11.4292052756491
11.0683029316796,10.985650331586,10.9648706706753
10.5475292835316,10.4192310827206,10.4609293965917
10.0452037310398,10.200485026863,10.1347245812761
9.70963688023526,9.82807729874478,9.7122326913215
9.10158791306865,9.4528850155774,9.28162181621954
8.640831541924,8.86075024526849,8.72277527394053
7.99393800743957,8.4833707327413,8.26806988076791
7.53453932955323,7.7835741400654,7.61244699095801
6.76616815423591,7.21513531621082,7.0313384050405
6.3632075409319,6.49367569908812,6.46423593820601
6.18462125840303,6.52035833773464,6.47760122086156
6.37622253833737,7.0076167316289,6.90957076394349
6.89696523714638,7.25514921882409,7.25110191321984
7.64460731249369,7.82168960252401,7.78172864474675
7.99870664989288,8.16524457601172,8.18811505915672
8.58356042701102,8.78670776517338,8.72742624410611
9.04458184159964,9.23060381122917,9.14527519854822
9.5880360308861,9.47494195326425,9.55175581815885
9.82854691507969,10.0909175093633,10.0130518124191
10.1701268798917,10.1250800377704,10.1288018899675
10.3879565987757,10.5871447096865,10.4496225701477
10.6443328806826,10.441554045624,10.4077032848378
10.7769289124055,10.6832385461122,10.5387183588393
10.7690094359475,10.2343209427546,10.2428374623336
10.6856292507984,10.3033311597687,10.2140221027216
10.6139197939066,10.2099139492172,10.1004413220815
10.407795881217,10.2229132689949,10.0678310024489
10.3366000220661,10.2432832466588,10.0745460435599
10.674681908404,10.2384138161379,10.1095238653407
11.0829643673572,10.2870987274958,10.2058550296158
11.4506742062049,10.5287763937417,10.4325394114397
11.4977838619132,10.9769558835315,10.7920758978261
11.5831686393572,11.2341809756735,11.0597719770449
11.8630145999661,11.4870360473799,11.3308155525185
12.1991007026544,11.6077172876422,11.5229042295829
12.6317393878884,11.6825231269414,11.6762528224663
12.7122640319814,12.1595210357887,12.0323464712426
12.2985382001337,11.8737368659132,12.1971383464933
11.9602815265155,11.8437306326142,12.0487320746077
11.5266593564612,11.5574687520125,11.7383263930366
11.3030746096805,11.2676218841994,11.4077217584461
10.8860581596393,11.0101409308692,11.0759840494287
10.5218303898713,10.5128160126561,10.5999573360444
10.3252258569557,10.0419285722706,10.1289057795345
9.85924055003459,9.60214297719292,9.66879986068232
9.41733431941432,9.28011607187056,9.26985722125889
8.75255359847482,9.04379590445576,8.90951746859773
8.28344490081652,8.24824505467932,8.18320197336442
7.46551206664262,7.69144635390204,7.59001341645111
7.0080640379338,7.09600266782926,7.07708936201005
6.79124414562598,6.71657986304034,6.86402109457582
6.98032136119089,6.97414103301339,7.13044863315417
7.44842204929325,7.55024971618286,7.6550448652668
8.15304231236577,8.11780839873782,8.18183478132848
8.50536987967498,8.38790894852983,8.54120086101778
9.10297402050768,8.88452192453847,9.00725133472791
9.57621986555459,9.36272565881512,9.42703396860063
10.1192601278676,9.98204180915847,10.3110202008697
10.3542780613426,10.206847606738,10.545760537367
10.7530729833325,10.7046491621551,10.9035581078784
11.0502834372308,10.9323255394774,11.0777403722979
11.3693380401966,10.9396092158083,11.110857523291
11.4795076474339,10.705766508881,10.9723550146474
11.4689239088485,10.5835514366572,10.8568943536646
11.2824179620618,10.4693844097033,10.7270227906597
11.0936026295481,10.3364708333609,10.5931366949755
10.7107761169851,10.3993919285835,10.5886111235261
10.5238409016341,10.3317272247003,10.5554679617931
10.6872979368982,10.3118356816314,10.5925587650456
10.9969712159223,10.6588738514767,10.8669841707001
11.2665474154591,10.8249399889131,11.0655591634659
11.3061417234852,11.035665607373,11.3097303277434
11.5018682731793,11.4377610681044,11.6745360224306
11.9808796800906,11.9365852959795,12.099148345611
12.4185066670593,11.9433005600858,12.2458045025989
12.954297619743,12.1573499764625,12.4870860864182
13.0451966184185,12.5819698535102,12.8158681005033
12.3696794092455,12.0119520285803,12.3555977852081
12.103289654963,11.5966084996384,12.0110301870496
11.7031364439314,11.3567286500571,11.7335008792757
11.4647346201476,11.1266334911901,11.4409836699286
11.0609558566052,11.2033917697597,11.2994612445378
10.7343505675947,10.8565088990951,10.9135566558059
10.5613687834035,10.4563722288581,10.4870505657323
10.1182233462461,10.0073662477737,10.0284937258091
9.683773532668,9.60743222483533,9.59608771135644
9.06986409230823,9.03805348120801,9.05892311612757
8.67779533260919,8.44402781352034,8.47579979721935
7.98624646476087,8.18032831188094,8.08485155997022
7.59201836975428,7.55443995732442,7.55224735174156
7.44749294499852,7.43392225960183,7.49313360099351
7.65914638328941,7.58965807451735,7.67857356797879
8.08193145438839,7.85726679653946,7.99761521992041
8.7085614836671,8.1583089056771,8.35888915273613
9.01361587281159,8.8935243729036,8.95665007678326
9.52908220935325,9.24108105475363,9.32304844710043
9.94460270055937,9.90062119376798,9.83464938894193
10.4118134904959,10.3625330878973,10.6169417824615
10.612610654827,10.5892127434559,10.8335344433941
11.013169957784,11.2365420767925,11.2486081472585
11.3366999666796,11.2901820134599,11.3074573915762
11.65384582775,11.1054572956631,11.2233038101329
11.7210473546459,11.1523826559301,11.234126884469
11.6918182177957,11.0098186835441,11.1036301166086
11.4463383722069,10.887380074927,10.9742766924309
11.2151517193872,10.6186665791259,10.7613646617759
10.8127554174619,10.693081289374,10.7616545177935
10.6282578377936,10.6125300136025,10.7201796878605
10.7735070454718,10.803084357027,10.8868259971353
11.0590475619956,10.7496904700713,10.9452500151293
11.2969907983871,11.1016549793277,11.2431049748534
11.3305534364163,11.5362006493282,11.6101472392837
11.5673232668727,11.6932198204207,11.8428743698519
12.0895666264887,12.1554017901519,12.2533534587993
12.5218332183366,12.3637171018437,12.5219217196804
13.0396527150072,12.7410534641621,12.850665816534
13.1175498291442,12.854493270485,13.0045083642431
12.4860861165159,11.7870642847818,12.2866387165388
12.3974215962414,11.8137969850204,12.1915863739759
12.0912775491746,11.3518858624364,11.8003420054794
11.8235329598662,11.4419017231863,11.6940045463455
11.3908040693792,11.0467818888967,11.2989270392263
11.0708008847681,11.1026417468013,11.1372310034418
10.8619224834827,10.5087698592823,10.6104643088244
10.3641759634239,10.3694832680451,10.3265841484516
9.90598939065306,9.92909966544272,9.88258064149957
9.33200072590445,9.4955683361252,9.4291662367717
9.03191425436127,9.00949284646198,8.94729891487305
8.49083223675752,8.44659619779664,8.4381633202546
8.15628632173533,7.99655129171697,8.05766097514197
8.05848460573945,7.9303145105305,8.00977919971906
8.2790374767369,8.25734706894997,8.27689590866814
8.63535682047241,8.5396232849928,8.57878841316746
9.21853340604152,8.90698216210772,8.95726700044341
9.53899732132199,9.22814203900689,9.31717534224114
10.062175388164,9.55134716929413,9.65678221626268
10.4608258056048,10.3449882206423,10.2302756358578
10.8962023206551,10.5716412271556,10.877990603889
11.0774399424168,11.2306439571007,11.3137517062985
11.4615736126028,11.5764182944806,11.5419125374997
11.7690616537158,11.7824412768287,11.6690305699534
11.9793816921789,11.8632005371756,11.7092182775605
11.9246857320544,11.5778327768548,11.5259428493937
11.8360066774307,11.2672661193179,11.3031667615725
11.5263423003028,11.0127840794887,11.0952380065239
11.2895962320471,10.946872129486,10.9898978179335
10.9826073041169,11.0768418282478,11.0168872280781
10.884536828115,10.8911254444593,10.9217876057689
11.0808963225443,11.0706830245354,11.077486562236
11.352576900867,11.1187063858059,11.1812669396438
11.5668699122327,11.0778258082675,11.2559437326914
11.6029738076866,11.4298699610589,11.5698188454165
11.8885195080613,11.9349931784123,11.9902139822773
12.4375366241649,12.4185179599407,12.4126530853911
12.8294287435278,12.55836582471,12.6422196493641
13.2778051080458,12.8265680242264,12.9188526125995
13.3186761085616,12.9703837928412,13.0892536985487
12.5035002679335,11.9364604556681,12.3997931033263
12.4780714733888,11.5802316106156,12.0958663799293
12.183859236728,11.5827291499177,11.9670421097404
11.8912466289988,11.457850316526,11.7457292264305
11.4670750120511,11.2480791083489,11.4573142904111
11.1836188151787,10.8937025877146,11.0745729237117
10.9766833241407,10.6627849532767,10.750227055205
10.4792858017821,10.395398861714,10.4042726726031
10.0232777346923,9.93816352377343,9.95808235544708
9.46895958162032,9.61316891428043,9.59084577098922
9.1997659895914,9.10505136912066,9.13708995211335
8.69357495330125,8.628189263632,8.72827612372057
8.352297465815,8.56258117925699,8.60080408886654
8.22807184416533,8.48561293180416,8.57036624097976
8.43938432714117,8.56176656385986,8.68796691742184
8.76147337704139,8.96138806643814,9.04114297067101
9.37131768304282,9.53429493240636,9.5152744087813
9.75305020122128,9.68315213082556,9.76615468317283
10.3466363858652,10.1196677197639,10.1719240094359
10.7651370771281,10.8448582243577,10.6970777594379
11.225710459111,11.188579344692,11.3999381005127
11.4281090669684,11.4055347036962,11.5791492163479
11.8424350028848,11.7096069920255,11.7664975004092
12.159155743385,11.9358283038555,11.8966421485514
12.3326660279681,12.2951837429272,12.0768805389948
12.2237969916002,12.0913537245192,11.9227008049714
12.1176832194733,11.7893654882642,11.6984316070328
11.7841001454348,11.4607921937933,11.4436779360874
11.5335135668259,11.274909907139,11.269955177554
11.2301938800944,11.0371204984532,11.0856090049175
11.1221409824686,10.9457173221354,11.0272561365886
11.2254450220662,11.2736740046155,11.2462628074625
11.4088115107356,11.2317506997316,11.2844086402671
11.5424022584266,11.4014708748762,11.4521322059607
11.5768764675133,11.6926196420514,11.719722428255
11.9042284095228,11.9745969801503,12.0147085427127
12.5149212758919,12.2216258978994,12.3035226229106
12.9199118108959,12.8350215409993,12.7920669720747
13.3828582532354,12.9681572694741,12.9962146519149
13.4346352802185,13.3145232875363,13.2843788431312
12.4529201273279,11.8592463918396,12.3492057491637
12.437294455378,11.5131489730384,12.0501243173117
12.111702095968,11.6707597902472,12.0092894168721
11.7930796661034,11.3670371321313,11.6967797933171
11.4200340761398,11.0032056076395,11.3252557887744
11.2111749016659,10.9613104499027,11.123454671911
11.008123020806,10.739680501467,10.8113180369094
10.5088725726573,10.4719851480785,10.4674258017095
10.06311347802,9.96980183103492,10.0144043251801
9.55317900329897,9.73907157957496,9.72230300186117
9.34734439255698,9.31511596985209,9.34953269095391
8.95798300777768,9.13969016897607,9.15280806301265
8.6767462897528,8.81404451257139,8.94443698377017
8.63142842916494,8.9890163838768,9.07352845974022
8.90403951967119,9.34737264093193,9.35986367805522
9.23820728249497,9.5052705600692,9.57666278711222
9.920964354043,10.0204463673898,10.0111310769317
10.3643753174916,10.317029281699,10.3412492158132
10.9447968190582,10.8869526300152,10.8261956344978
11.2917537009003,11.2913545555674,11.1735406410778
11.6767096382839,11.5126233895839,11.803909365766
11.8809531589969,12.1322778096493,12.1885758363
12.3453923268679,12.1658235030819,12.2170862166894
12.7028256959309,12.6459065610236,12.4783492925324
12.8981693254842,12.4709920187172,12.3540666270368
12.7693431877618,12.622803094054,12.3882050061978
12.6779532429625,12.0472387655875,12.0048110856179
12.3256383865287,11.9535587428192,11.8660143081257
12.0224124706271,11.6862144514261,11.6271513383842
11.6165030658321,11.5498563716519,11.4854024860381
11.4014084827106,11.4368972452956,11.3870102126289
11.2356429440283,11.3067342234055,11.3129446258856
11.2289138228306,11.266357598891,11.3223899157393
11.2229535602527,11.4517737148266,11.48366807865
11.2711170172521,11.9076845778212,11.8367189907537
11.6597653469524,12.2299226905305,12.1512791849992
12.346648703863,12.5748301772775,12.4969455868131
12.7532939212181,12.7857064317386,12.7640539398601
13.2120454468782,12.9271094315946,12.974914814974
13.2799990295172,13.4252777598939,13.3478652341186
12.3609190219027,11.5244996736702,12.124455213137
12.397222129747,11.6314365781473,12.0752082361851
12.1402361743924,11.5205156317893,11.8839567704597
11.8559162244789,11.4064808914448,11.6747305531999
11.5413997590175,11.3190353294507,11.4618676394232
11.3585228516833,10.9577298483642,11.0947279206827
11.1087824193127,10.567441481052,10.6938457525194
10.5260236730479,10.1908773353918,10.302319855802
10.0458707972181,9.94262183294346,9.99026265676544
9.52901206764064,9.86817297898786,9.81271455814917
9.36052120263965,9.46115039756634,9.49588512007947
9.08387851916315,9.39648811199107,9.41048640982375
8.88958240969459,9.28868984623542,9.3657357258502
8.97341277698242,9.16212076426257,9.36417216595304
9.33010764302806,9.53706105001681,9.69088116268048
9.70755637147633,10.1039824051248,10.1474305082818
10.4541350468146,10.6847655132135,10.6296064084428
10.9257065156896,10.9025700104717,10.927389281941
11.459204072875,11.2978478197219,11.3266045846341
11.7347230820027,11.6997369055268,11.6761402179314
12.0591712214267,12.2781002034323,12.4970563175738
12.2715153995556,12.4910779114816,12.6331231315821
12.7668904720379,12.9798920183188,12.9055934189126
13.1311619713526,13.1881388573793,13.0127369510879
13.2946445774391,13.1543749715833,12.965350318771
13.1155503518505,12.839077887756,12.7328902146481
12.9855064642045,12.5619099282941,12.491830153829
12.555473867512,12.2623093225752,12.2249418305806
12.1851051414733,11.9221706252779,11.9254123040676
11.6928021850249,11.7871111063328,11.7539591915205
11.4240942990892,11.5223347562012,11.5379144316064
11.1511371547316,11.2944685971033,11.3666412665269
11.0864532379848,11.4647941095766,11.4548254976038
11.094577011515,11.5204447518602,11.5297218273646
11.2007605742724,11.6972247309001,11.7226518613512
11.6334785695801,12.1437809966374,12.1129027650062
12.318495003994,12.7061358762002,12.5813584611706
12.668743295609,12.7829378939211,12.7784242505491
13.0318147385046,13.0535229643138,13.0587737463453
13.0633025813596,13.5267572429979,13.4196565088973
12.1461413972534,11.5475598906016,12.0713343247932
12.2701618833841,11.2298895327926,11.7818632733785
12.1451557114401,11.1244414640369,11.5866228367351
11.9298261694094,11.0470378628234,11.3940850780845
11.6931098189143,11.2598402002075,11.35444086488
11.5312070762877,10.9924908261078,11.041883763727
11.225512377487,10.6098012856614,10.6540244870269
10.5545948159916,10.1694766112058,10.2312171345557
10.0458487296895,9.84844895892296,9.89304773410962
9.52524194863564,9.49342625328062,9.57992325964806
9.38432957863874,9.28672183922176,9.40475119688048
9.19408573084261,9.53390900407801,9.55368355863685
9.06427218182358,9.45097449910504,9.57077609922058
9.23351607664968,9.68006341182244,9.8159975742949
9.6445742303723,10.0865406571098,10.1970364003502
10.0486010282631,10.5024219314921,10.6018039753725
10.8547785028976,10.9398882218395,11.0356362641019
11.3730127809383,11.6432601130309,11.6221328629755
11.9268682634293,11.874336617332,11.9429332071677
12.1983163815148,12.4344775021993,12.3878913794789
12.5784805749565,12.873236265611,13.139354490434
12.866524739682,13.1139158173268,13.252426734379
13.4403537837193,13.7629562021446,13.6107306579574
13.8008071978481,13.756557825845,13.6096613621058
13.8764365368933,13.530914432891,13.4581770167232
13.5972333952807,13.4821053561398,13.3604339314228
13.3691180760203,13.1758118967539,13.0874389609968
12.7885739280952,12.8166990824579,12.7570307997569
12.3204419069641,12.316298469466,12.3481545656271
11.7268670756938,12.1594052618383,12.1311252542579
11.4181439090653,11.8086491576717,11.8156243780635
11.0870820091334,11.700403704812,11.6660255437209
11.0047044700559,11.3936426448824,11.4565607587267
11.0782419086071,11.5655648106823,11.566784265842
11.2595208685027,11.9588983564966,11.8813068389269
11.7279558495005,12.1584334767658,12.1471007831032
12.3859307495922,12.6877041513243,12.6137078421388
12.6681877999237,12.9267556883522,12.9025461042971
12.9304264450737,13.3601101212554,13.2676747779724
12.9300711340776,13.5186270465677,13.4442544321742
11.5742154792599,11.2203907718036,11.8037901566315
11.7278365053328,11.3119745780788,11.7242887423978
11.6763768423806,10.9409608667379,11.374097596357
11.5095685128074,11.136214896494,11.3222688834626
11.3512634026182,10.846167681189,11.0023499629584
11.2410039397515,10.976705972182,10.9250707255659
10.9228166862178,10.347076096861,10.4130724136849
10.3009391309064,10.1289043096284,10.1087561911872
9.88942278846139,9.78184982248505,9.76439530472945
9.5236343321586,9.63199586607201,9.59319119893363
9.47033870181155,9.55519846665422,9.53315425226686
9.40297842381278,9.50232474316828,9.56291247041133
9.33297406178452,9.55980844193894,9.71159669554371
9.54478201514943,9.89506873182857,10.0596951518998
9.98063389077498,10.5486437115381,10.6276235381007
10.3989536909674,11.0621733904314,11.1250239017511
11.2976912349074,11.6068150941028,11.6492925789324
11.9224849123236,11.9731403059112,12.0656435150651
12.6155795823866,12.2820674473884,12.4413990484501
12.973567707079,13.0562679273786,13.0140491112401
13.5678543049404,13.3198569053445,13.6856771376172
14.0284617034282,14.0480575809189,14.0734202854245
14.7413276820971,14.4290600593167,14.3099388003051
15.078348540882,14.5639409079327,14.3872155451535
15.0086756844554,14.5702748754255,14.35631763889
14.5972554962644,14.1475608832765,14.0383734465136
14.2421041423263,13.6273068678809,13.6221947348705
13.4892775855322,13.1211597911585,13.1910033514899
12.908448863214,12.7636827853259,12.8235678989102
12.1782774569392,12.6565103950652,12.6032416957788
11.7938086676438,12.1469248347932,12.158965029142
11.3191209710398,11.9520544613635,11.9164869072955
11.1504000142885,11.6595054191993,11.6677368248132
11.2102364780706,11.398803941386,11.5197846117546
11.4285894108479,11.7017117969417,11.7824383008181
11.8763020539335,12.3301311994951,12.3233478778896
12.4580938454415,12.8894204552246,12.8155185244778
12.6790150154304,13.0529709002954,13.0600458793236
12.9097686599214,13.3018489662515,13.3006735258749
12.9530607972938,13.454612488169,13.4534534362255
11.1171509462981,11.2827951630389,11.7361260651649
11.2091696871308,10.9528705137245,11.4114404284741
11.1027610339923,11.000072773917,11.274582162959
10.9210901893538,10.9331098580633,11.0615451144728
10.7776541993798,10.7982327936309,10.8185838165743
10.7058107773671,10.5067384162433,10.5099923307629
10.4141330714009,10.2234537669231,10.2111094250889
9.90732408243077,9.83663352652092,9.82353456165508
9.61724514507395,9.47686674433568,9.48080298121165
9.41084426656606,9.45506471693064,9.40269264708904
9.43118445235498,9.36896166601158,9.36986164780735
9.46440947068997,9.36433345930242,9.47601577017494
9.45952776385088,9.78483319585012,9.88057007236755
9.75540930477093,10.113066014836,10.2919888626587
10.2523935733402,10.5268694954175,10.7577793068589
10.7358477910988,11.1949140035461,11.3807330856066
11.7583220892676,11.9939833382987,12.0759725186362
12.4735524560563,12.3131257145027,12.4850794046583
13.2552464195865,12.8795899367251,12.9995563622891
13.6424745353162,13.7088113517447,13.6080920054586
14.2979970588539,14.1964409043842,14.4549981172012
14.8024924383398,14.5490574787631,14.6995413296337
15.5030778616977,14.924656349736,14.9548125459559
15.7789290316004,15.0801139516781,15.0464646497992
15.6202322980895,15.3287268965576,15.1358457419312
15.1772908142049,14.9258241012863,14.8003534074188
14.808806841972,14.3864980781798,14.3516390733446
14.0669398198707,13.7812605219476,13.8375719996371
13.4866501277615,13.3187824781883,13.3943026118812
12.7376889342667,12.8117458289285,12.9206451775082
12.3239185658454,12.35773895442,12.4719185956559
11.7580141574986,12.2583111455302,12.2395826003189
11.5191772854907,11.8102952968783,11.8653678546367
11.5333958176554,11.736842123515,11.7963315149554
11.7481769735835,12.0106969455913,12.0531251641165
12.1506542356166,12.5037742245423,12.5618073621648
12.661428001813,12.8360777840621,12.9335405131714
12.8470701508583,13.4174012525519,13.3822342074838
13.064758007718,13.4587272798482,13.4791733462912
13.1317341184065,13.7068096705941,13.6463610395297
10.4771728612755,11.1465671576679,11.5515351650523
10.503709365399,10.7781878998523,11.1947676840189
10.3855784968876,10.9292516395823,11.1004679529008
10.2328966049348,10.6161390983034,10.7311306750732
10.1509018217015,10.2740673601422,10.3506331629298
10.1325945549285,10.2475763312301,10.1890803109665
9.8664891191628,10.0056731872767,9.92986611078943
9.46136600912385,9.7237849994861,9.64132974852342
9.27268115438619,9.34919693846745,9.33322640465094
9.1527921058125,9.42098754140512,9.33161412658552
9.18598396372158,9.38564968466027,9.34111022767974
9.29051274660846,9.64839784389935,9.64120301799473
9.39177234239679,9.72681618585726,9.90238248001019
9.88708789589662,10.2830260445572,10.4696915892335
10.5376482706331,10.9403529846959,11.1042745736356
11.1887610318727,11.3705397361783,11.6253150961053
12.4498978236806,12.148938909163,12.3299666304747
13.2975582464072,12.6997877961274,12.8787772557739
14.1730591506572,13.5185477264799,13.5375123066475
14.5597325066585,14.2114410928995,14.0823191549009
15.2148758149133,14.7050007489746,14.9969192324744
15.7191850435628,15.5107040625254,15.5444303555931
16.3256706687121,15.6424978907498,15.7157528761736
16.4909364361991,16.0517184267854,15.9466404837131
16.2343928589771,15.7099134048373,15.686356774102
15.7974878867978,15.6506500355754,15.5200542057785
15.4495828933017,14.8255383832196,14.8867997970221
14.7792361443075,14.4765622538038,14.4928178615359
14.2345145662521,14.0059934009245,14.0398627483714
13.5135829795141,13.577488649692,13.5838249401155
13.1142602273087,13.0681280290006,13.0679156205531
12.5525532005141,12.549490856338,12.5907721945304
12.3236176962185,12.1707405196201,12.2616072363157
12.4287985864945,12.1400895369893,12.2204350044552
12.7183106796291,12.721182880069,12.7108643088443
13.0967523973955,13.2255508677085,13.2163519648723
13.5131887662471,13.5475440941969,13.5426356692157
13.6148936644727,13.5709221408147,13.6185369949608
13.6848693948633,13.4776795462479,13.5831696131096
13.6577727377325,13.7738762493601,13.7339967839058
10.2283815689517,10.7926746263739,11.2497606464531
10.2253799046274,10.8395232985317,11.1163732463101
10.1264345004803,10.6608214864031,10.835324791638
10.0037548496046,10.4671826402218,10.5223511589669
9.94810901075879,10.3226171108127,10.2361331664116
9.93990761809805,9.93637479158571,9.87062188817632
9.66961831119862,9.59167546578662,9.57775717531148
9.29004549415186,9.31158936463176,9.33028619019651
9.1340571149501,9.26125390627193,9.23728703731437
9.01656716193521,9.47194771697714,9.34116630226504
9.02426642980642,9.39635722935658,9.36326783850295
9.13852694956939,9.71224500988015,9.70263055366913
9.29119003559065,9.93065872447374,10.0519896192102
9.87259273616904,10.1308292587707,10.4467981035915
10.5726907240562,10.7603799056369,11.0985922418604
11.2789167329218,11.5615423948838,11.8448888748929
12.5995836421682,12.3764138145644,12.5806940311592
13.4784113465927,12.9175623791109,13.1366913354395
14.3828800397405,13.6934381996566,13.7750440358421
14.7840032900688,14.4888381547443,14.3802107408891
15.49620316539,15.4160135268866,15.5490946071186
16.052961590435,15.9153879897003,15.9883625122072
16.6870744600551,16.5461540007632,16.5166861850872
16.8387223371485,16.6300387236945,16.5641179162062
16.5932341994778,16.4295033491528,16.3823145976478
16.1912421969301,15.8912573557073,15.9263090010751
15.8559947591254,15.4022343231846,15.4569683760598
15.2040845958612,14.8917672770488,14.9527576790243
14.6611091499948,14.3468533875212,14.4273592515099
13.9387596406226,13.9659812666022,13.991739542397
13.5547896647646,13.378102712605,13.4391359206156
13.0387346535542,12.8441277748625,12.9555203505255
12.852289185567,12.8062172915445,12.8386840522437
13.0496111451949,12.8314748527409,12.8967446438034
13.3900675395521,13.1414862539223,13.2420305738385
13.7389688297055,13.6620720021747,13.7244456814812
14.0640547751217,13.9465861577732,13.9262231711438
14.0911456750765,13.6904035298855,13.7969497489658
14.0277098408522,13.6212922636913,13.733276386338
13.9139714949883,13.7855826188315,13.7674673331402
10.3290833219825,10.8455563470635,11.1827712096475
10.1989349912501,10.4334992969528,10.7994494620381
9.94256466334979,10.2115918342614,10.4937295245332
9.71979773673818,10.0047330782244,10.1835011906207
9.49466038323187,10.114910233966,10.056929919704
9.40296965244492,9.80465477876507,9.73857661218625
9.09737802076012,9.50386139558795,9.46816949582102
8.80161802069957,9.23088605929679,9.23673900992549
8.76706261919153,9.16031273810148,9.15475492840816
8.79648212876938,9.1006469346968,9.13355172758943
8.86137200268818,9.19494293752999,9.26645374451969
9.09434309777584,9.73331466689188,9.73633956763722
9.34822173017601,9.93235066918446,10.0921007086953
9.99759274716484,10.3940046706325,10.63974403665
10.6692962307695,10.9875590180288,11.2840329574571
11.3414955906039,11.5807364293794,11.9281051985726
12.5656127853854,12.1876920830451,12.558503035822
13.3918374183649,13.2294411128344,13.3962202055756
14.2717820194855,13.9050959469824,13.9764583200762
14.6933105770935,14.8805509663459,14.6593279719713
15.504736829343,15.6506057493474,15.7388994883081
16.1477221851809,16.1374331927626,16.2092754698368
16.8418481238198,16.9108024756423,16.8300413473148
16.9939421362678,16.8506435175671,16.8459998269818
16.8089034589439,16.5183350949324,16.6143315077759
16.4939039719376,16.2945096367652,16.3281206849373
16.2026289600385,15.8270488142013,15.8582118353479
15.6321497625198,15.3454920898626,15.3643426917611
15.1436006471406,14.7137003972422,14.7914468382757
14.4917455042187,14.3787402973994,14.3828004436067
14.158770265738,13.8431518921164,13.8780242884827
13.7012373390299,13.5823238865769,13.5745910955152
13.518296372513,13.1397359871199,13.23315592354
13.6730363920066,13.3591156480292,13.4028817731528
13.9394136328948,13.7148359807733,13.6996759275168
14.1062268639761,13.7650764072273,13.8404487647904
14.1652594675465,13.94977870532,13.9845137336074
14.0643999020239,13.8040118726731,13.907649768496
13.8658714655769,13.8133267749502,13.8527098207105
13.7136496378643,13.6044665187217,13.6467715543427
10.5272799519451,10.6112327567686,10.9696196114452
10.2901719584049,10.5910775593864,10.8069335727035
9.85615937177259,10.0787135058675,10.3563905138983
9.5122408807462,10.1212507059386,10.200730824946
9.11115750795529,9.69150757468241,9.80077147455864
8.94858217264334,9.74227916849648,9.68304757609664
8.64053309610593,9.19358466158802,9.27174711285785
8.45612138909221,9.2413288075699,9.22490058424081
8.54057404687146,9.19508089220965,9.1656639150952
8.71897110684366,9.32027625239428,9.25559958172971
8.84703161682023,9.49657862687185,9.44086559484363
9.17599505246748,9.67661265456771,9.72104282847686
9.49507014570193,9.94406675895116,10.124668109346
10.1674478834976,10.4495228608951,10.7062519285847
10.7976934198461,11.2212616831641,11.4525428726103
11.4348365984206,11.8408426582999,12.1096411548375
12.5830653482699,12.521775180824,12.7786559628039
13.3699920815411,13.1542816637513,13.3746806507402
14.2282085636656,13.8188736922039,13.9415960682662
14.6439424949273,14.8961125913608,14.635551033746
15.4394206491243,15.3653985001958,15.4975038750937
16.0566167165093,16.258201893136,16.2166357282976
16.6649929071798,16.6811638212739,16.6299561967624
16.7521301986781,16.8640809517106,16.8257930025663
16.5520057946596,16.8747136301121,16.822457912375
16.2888869589106,16.407955629533,16.4397681414812
16.0385959724597,15.8551957731461,15.947825809088
15.5819912164141,15.3584798769836,15.4770991737835
15.1914854949781,15.0079481792022,15.0762276324534
14.6770869507226,14.8178015683227,14.7696022450638
14.4201259832085,14.2478394074654,14.2681909507301
14.0276425418086,14.0405496561746,14.0136022959858
13.8355308734094,13.7640334308956,13.7824420674915
13.9065328111132,13.4977915930083,13.6360748656649
14.0829545940582,13.6565155829901,13.7713787732155
14.106737570935,13.8721096124096,13.9262541824798
13.9983242514592,13.9530322748237,13.9695421724607
13.8430082572597,13.6515894005318,13.7735540950247
13.6105436605993,13.4639290738342,13.5891488290822
13.4667025286459,13.3324830102596,13.4544578881888
10.5384526132541,10.821273961745,11.0103479003921
10.2051513840543,10.3844960730211,10.6304379979573
9.64087778055812,10.2899617488927,10.4215029145971
9.23881975224658,10.0616254570236,10.1398858144746
8.78491727611975,9.77726826576789,9.83378025886253
8.65043877728847,9.38317671681017,9.48129525439136
8.46208575189168,9.21039029340108,9.28575728902719
8.52681644587468,9.12784333980556,9.17000096527008
8.76514442402083,9.10980227759493,9.13561706438052
9.05107920636767,9.33911139982858,9.28850480744124
9.16843840861481,9.45649858470528,9.43993845967006
9.46935934076377,9.63323012820827,9.71693947772775
9.7799506357147,10.1809063676336,10.2838338877099
10.361290980983,10.5738647761603,10.809126750708
10.8728886658688,11.0470249560853,11.3840064740718
11.4337257860404,11.7420648444284,12.0639726343982
12.4614912865024,12.6037081240228,12.8058155447212
13.1910178611034,13.0409164822739,13.2637210795408
14.0201489142292,13.7737448342118,13.8389395275624
14.4174719295184,14.7324020809642,14.3923140654703
15.1380114613948,15.2541061203537,15.2533484618347
15.6772124954773,15.6212360080121,15.6699996313526
16.1449315098105,16.0391440632249,16.1166562432029
16.1636059599758,16.2986525532761,16.382062845097
16.0052346823587,16.6659502455329,16.6064956183163
15.8564266801692,16.4097143528463,16.3970630517071
15.6850846244139,16.0063888444682,16.0450988421868
15.3988993069316,15.5555809170054,15.6401238389378
15.1450222607275,15.200744415206,15.2739572808678
14.8018951213507,14.7550154009834,14.859059480282
14.6298687904276,14.3823295114527,14.4943130246418
14.3203295203777,14.4006185854326,14.3774822819582
14.1368060682779,14.0747127431901,14.118827406244
14.1649954125297,13.983376951339,14.0311434047026
14.300782988382,13.9712808794906,14.0131877729285
14.2407802235859,13.8431252893139,13.9269981247162
14.0823533770917,13.6164330993799,13.7697836249113
13.9471131800242,13.7401570324477,13.7877325141897
13.7201097153407,13.4295711845057,13.5495416380123
13.5584500370457,13.4450141588286,13.4917892084844
10.4520341429656,10.8793729819051,10.9789499096222
10.0828730653201,10.444235668542,10.6117298424495
9.50678405584732,10.4615089849765,10.4817273891347
9.13316867693271,10.0184362899598,10.0974566800403
8.74533337500862,9.54498796554909,9.70143091053137
8.68019381014412,9.47585258958878,9.54699007101226
8.60850042004025,9.34022375963745,9.38032153657122
8.83637850028554,9.31364819198165,9.30805320210066
9.1436273805574,9.22259626049564,9.24197506040929
9.44402064442439,9.52981461419798,9.44906395135991
9.52395597929025,9.68329009751437,9.62512638442954
9.76539141622971,10.064565266937,10.0065020052973
10.0409060954502,10.2011072369228,10.3605844678028
10.5084075030994,10.7528945089793,10.9658142448117
10.8958690277424,11.3819837711349,11.5999121421631
11.3576938679171,11.7517249332721,12.0665219486733
12.2243337964794,12.4660168417754,12.6842602235913
12.8622976562696,12.9675642656133,13.1250830610007
13.6197675316994,13.7581111593746,13.6530789769386
13.9979506154483,14.3372617569775,13.9977941451311
14.7029924546263,14.6942656504583,14.7453261247882
15.250497134287,15.4233212053839,15.3629513940922
15.7783442215033,15.5999100797432,15.6889182983766
15.8761113568073,16.1956478420482,16.1698334337875
15.9051059591348,16.1277333432697,16.1933664657694
15.8967925998163,16.3209750865717,16.2689519786686
15.8031387608379,15.8167216376601,15.9318203632821
15.6064056731707,15.7582527938782,15.7963873634568
15.4022112814078,15.4772905989885,15.5154797919205
15.0902941625344,15.25036785639,15.2556968346319
14.9174687389961,14.9561108530969,14.9532767435057
14.6032965243087,14.6395674209752,14.669992131335
14.4099173430783,14.3460704966929,14.4136916834949
14.4126239798415,14.2257961309484,14.2727742755742
14.5375964431909,14.2914499553791,14.2538664960076
14.4520665071861,14.124410812031,14.1049431503107
14.2912912841861,13.9232464778111,13.934961282227
14.1692856085047,13.6126266117141,13.7027189673489
13.9152315343505,13.2838217549075,13.4543286271556
13.7114695570051,13.4181722066932,13.4582697965619
10.521965804335,10.7439517745191,10.8515926768626
10.1313279413308,10.7555102722159,10.7408346066459
9.54046167788347,10.4802994354892,10.4666200071057
9.1752806816983,10.194229392811,10.1865921175647
8.79550687272206,9.98860833115297,9.95695544838923
8.74468828440849,9.60390020908809,9.64539933917463
8.73503329509144,9.35249941729348,9.43289072949897
9.04720790942092,9.26051670425235,9.34048070252202
9.38839794293668,9.44805206020796,9.45091822203303
9.70746456134599,9.8813807936232,9.75099632828179
9.78852951557948,9.97870363018275,9.92941856404081
10.0464966536441,10.3661689961694,10.3320148575986
10.3313322582182,10.5835348624639,10.6904916816455
10.7269118424346,10.6970450131981,11.0154631712614
10.9972541536412,11.2019017518923,11.5557558525054
11.3526967063743,11.8327488528592,12.1211513506942
12.027891728378,12.4666442914427,12.6474560216634
12.5496111074433,12.822590183799,12.9722197051467
13.2154411423829,13.3615640452511,13.3184419834449
13.5801876460458,13.894231139448,13.6429625496294
14.303294270046,14.541508954905,14.5255562416261
14.8975291737916,14.8416843571314,14.8856254513611
15.564483786822,15.478252466169,15.4654277255126
15.7923957908842,15.9030837404947,15.8743384065471
16.0470774599404,16.0897214197031,16.0824610688513
16.1750152189701,15.9291970994575,16.0030151675178
16.1412461726673,15.8734328224499,15.9577630765212
15.9996146626936,15.7899354177637,15.8693933248049
15.8300987837136,15.5966754655135,15.6857004727389
15.5399519506262,15.5003929552505,15.5288063964025
15.3639846625124,15.1860958293383,15.245384645589
15.0440861067715,14.8324628344429,14.9310016714295
14.8353541791859,14.7918175775282,14.7962658194061
14.7783469060401,14.4986027742684,14.522670566285
14.8504827451187,14.2113721974439,14.2661356325817
14.692435102375,14.0735747234122,14.0974009821465
14.4371774030419,14.028717450924,13.9896651069912
14.2622041944084,13.5281340056499,13.6376290120414
13.9041100718323,13.3011277415627,13.4408090799444
13.6362928184509,13.3653926704363,13.3985019586993
10.9004573531491,10.986177364605,10.9429907957242
10.5385728180423,10.5928285000991,10.6187994745257
9.94516345898768,10.3015984795256,10.3529398184003
9.56129539403397,10.0351234452443,10.1006374667144
9.09572466192942,10.1313197324774,10.0569022856197
8.97650369304828,9.86714589780227,9.83191753228597
8.9725208678717,9.68104828672348,9.68189699599098
9.28916635490997,9.60238972375946,9.6267503952931
9.6250703495558,9.73320229836523,9.72707875012897
9.96122395946488,9.91448267306785,9.94141891184746
10.0754959552674,10.1627577225759,10.2247503781763
10.4070263782146,10.6987772349063,10.7038906303439
10.7255442543003,10.8132222663105,10.9816134956915
11.0447083310144,11.1079068746521,11.3622706004011
11.1737405753693,11.4978708983747,11.7911912673237
11.4187035887693,11.8426595762105,12.1668615479546
11.913558658967,12.1623554951687,12.4783337674548
12.345144605351,12.9071328623197,12.9794565730648
13.0073858629295,13.231846664408,13.1947260380674
13.43193503047,13.8698569258814,13.5733741071505
14.2474834839122,14.3139352929825,14.3096412423467
14.9085751406574,14.644654160887,14.6781130476741
15.7170177528874,15.4835288811214,15.3875532896414
16.0496685438515,15.760023172145,15.7457073256997
16.432127924985,15.841824744368,15.9288712126416
16.6018267286532,16.0898251707056,16.1242058191278
16.5205686358351,16.1131602587331,16.1516702803838
16.3332210161258,16.0840772141773,16.1117624431965
16.1945675570889,15.837215625283,15.9231091247648
15.9760991270084,15.8558619191055,15.8666586278842
15.8422986248217,15.5940702365419,15.6293293970098
15.5893755793811,15.4295837799968,15.4090423689968
15.3987680073134,14.9124952220901,14.9746002965115
15.2725194985967,14.7270819634943,14.7233660876865
15.2515292014844,14.5785676390999,14.5088391781956
14.9716640756308,14.1007371906316,14.1233284502707
14.5272850347041,13.923022391235,13.9153105688329
14.2339472600623,13.5233251014082,13.597795238138
13.6862269472424,13.4249093854941,13.4577149878074
13.3242809347602,13.1531224655344,13.2202892053928
11.1731544734636,10.8317858428487,10.8359112547052
10.840757722652,10.8683780360639,10.7602978769625
10.2695112434769,10.3399271319042,10.3732261756147
9.90034888943129,10.3849111479485,10.3077946028552
9.43549149864275,9.99006529208286,10.0101212984624
9.31044934383838,10.1579592601388,10.0533912328841
9.34650627773176,9.78396731772185,9.83559901402328
9.69267498932209,10.0462077177162,10.007066519871
10.0210319338199,10.2551697560908,10.2011317738776
10.3401486680219,10.6355835208176,10.556175007902
10.440458026877,10.8761142635001,10.8405808894975
10.7299321805201,10.9625834693327,11.0530364926237
10.9981034702039,11.0773129796321,11.2997357194154
11.1876657899897,11.3523317121506,11.6328698746002
11.2076334349448,11.8600587059195,12.0872005730366
11.3920696245808,12.1832184538125,12.4132980274904
11.8334614419652,12.5500940912025,12.7332013099971
12.2629292353537,12.8276012915693,12.9557776632959
13.0050779622653,13.1101880854958,13.1497487350155
13.5100676739089,13.875222822139,13.6061941189643
14.4072862110817,14.0938562116547,14.218621945945
15.0977966661288,14.8919346746897,14.8378120957628
15.9505725400441,15.4861675473761,15.4137472580618
16.3045254014338,15.958045902519,15.8863761205532
16.6743640671584,16.3432311706149,16.259399385635
16.8029751268604,16.3125961575975,16.3245554882254
16.6393394506217,16.205897737755,16.2913453653301
16.3701675891381,16.0976329861852,16.2170910031958
16.2303490336205,16.0994679410144,16.1719205397364
16.0295413055062,16.2370417686976,16.1899605770937
15.8991403658186,15.9001291225121,15.9154283918001
15.6601382916881,15.7065704107789,15.6585773591489
15.4774525044618,15.262325119232,15.2428624471572
15.3300464626773,14.652060498538,14.7400155868555
15.287093833312,14.3546718516506,14.4119489103225
14.9946918263946,14.1511981186954,14.146174284715
14.5373939298736,13.9192149589736,13.8821414660349
14.2356743241559,13.3742126280946,13.4541214239021
13.652386701181,13.0691045911284,13.1719756112538
13.2673126849687,12.7812474856925,12.9071443868989
11.6799076378615,11.0380853819611,10.9395544177048
11.3247250037691,10.6768057473653,10.6589997683623
10.7468235729639,10.6383759249948,10.5541955175975
10.4159507893807,10.4811652657798,10.3907494152406
10.0235330034753,10.2943445307839,10.223422530983
9.94149615699205,10.0646817224597,10.0641497356011
10.0758357206529,10.1309095576213,10.1348182649552
10.4802809072239,10.3385602004149,10.3335152086544
10.7796922187537,10.6021587381318,10.6009007326008
11.0340021566066,11.1457610209913,11.08431265086
11.0847895372239,11.1951402301081,11.2399890420446
11.2572452358336,11.1964228899954,11.3793370138098
11.420156499284,11.5333470920406,11.7180505969988
11.4229108488159,11.6704080763337,11.947811151311
11.3164194348359,11.8598713643415,12.1976548171695
11.4422550456963,12.2604431284812,12.5413634761327
11.8222977050133,12.8014474435455,12.9446124824556
12.2202970089903,12.9058505019692,13.070618221757
12.9815530198169,13.3114209449619,13.3474283091046
13.523291628791,14.0421720810974,13.8050038230614
14.42973908058,14.4581815309023,14.56654344306
15.1179573677089,14.8465303530223,14.9572513699986
16.0415293162466,15.4360598473518,15.5068730763826
16.474584199495,15.9397621215842,15.9895104464142
16.9209674980507,16.5909968202397,16.4983514387102
17.0549636589466,16.6699989931759,16.6337893238973
16.8443179085193,16.5866348706409,16.6133948969551
16.5220000022987,16.4237109749362,16.5019487649934
16.3785826415132,16.3305793918493,16.3965106328803
16.1256562797343,16.1135382419164,16.2048291953364
15.9107668920513,15.8674607082256,15.9570978322006
15.5570904450529,15.85008066286,15.7931483227593
15.3273601653272,15.319970982852,15.3208881365946
15.1226381312111,14.9189560927085,14.9154651139372
15.0665648775072,14.5264343307576,14.5129570151428
14.8105485914706,14.0418056170108,14.0691599800428
14.4130100814163,13.5022557131419,13.6034129560183
14.1350165340438,13.3685086029036,13.3747188488575
13.5372793351711,12.8502719767626,12.9465464797091
13.1299111949815,12.6950807125742,12.738468857477
12.1029013259321,11.0363685957789,10.9382424899923
11.7338900763237,10.6984633077864,10.6874270562552
11.1603167069305,10.8448811486951,10.7028224710873
10.8528128485594,10.5270002059099,10.4640240897325
10.4796666749429,10.237645829198,10.2667963048681
10.3819380830958,10.3734750219447,10.3360149622721
10.5179057486008,10.4962976369634,10.4590331688462
10.8555189585152,10.7635168829735,10.7176716891125
11.0776905095158,10.9558080303648,10.9729148157941
11.2533086862286,11.4343250378059,11.3984086129843
11.2870451830072,11.5565934732721,11.6066725738415
11.4491808283396,11.7689467806549,11.8560671649425
11.6109044238058,11.6826161508924,11.9431474680395
11.6256777106576,11.9913451826632,12.251397428452
11.5290920438128,12.3718755577582,12.5890926648404
11.6814050600005,12.4730219712965,12.7591460863108
12.0563429222565,12.9230889445945,13.1012720939416
12.4099137954596,13.1775388758308,13.32284660719
13.0972707196412,13.7572636769544,13.7133603415005
13.5956454480766,14.2145793418904,14.0449344351995
14.4230631101162,14.5572183418229,14.7972607614835
15.0727550654882,15.3684820448387,15.4204500542113
16.0235934225512,15.7009768452275,15.8193042738849
16.5128869495161,16.4802506545632,16.4438423675241
17.0167715546684,16.5748441413434,16.622523336956
17.1561915636477,16.9852156887407,16.9217319988104
16.9259008259458,16.6475308588756,16.7552195011886
16.5731127592725,16.7457280050001,16.7738105303203
16.4195639533249,16.6079767327642,16.6295167958119
16.1157933391382,16.4818749725739,16.4596763410451
15.8386199964779,16.2449013827385,16.2029394969689
15.4195911062061,15.8167865916804,15.8025706888537
15.1810414637579,15.3254235025723,15.3461077411866
14.9732921659535,14.9352918800924,14.9340230286253
14.9162523910732,14.6742135422643,14.5890622774711
14.6807388757539,14.1913030478845,14.1264410334958
14.2676337284623,13.687743915975,13.6585600618578
13.9440979636759,13.0882725968323,13.1464217632176
13.2489634124576,12.5122830846109,12.663439478012
12.7846273391687,12.4532646060007,12.49015852338
